{"cameraMode":{"drawMode":0,"name":"Shaded","section":"Shading Mode"},"sceneLighting":false,"audioPlay":false,"sceneViewState":{"showFog":true,"showMaterialUpdate":false,"showSkybox":false,"showFlares":true,"showImageEffects":true,"showParticleSystems":true},"in2DMode":false,"pivot":{"x":1.76910400390625,"y":0.716552734375,"z":1.229705810546875},"rotation":{"x":0.15511088073253632,"y":0.6030034422874451,"z":-0.12098084390163422,"w":0.7731280326843262},"size":0.44006797671318056,"orthographic":true}