{"cameraMode":{"drawMode":0,"name":"Shaded","section":"Shading Mode"},"sceneLighting":true,"audioPlay":false,"sceneViewState":{"showFog":true,"showMaterialUpdate":false,"showSkybox":true,"showFlares":true,"showImageEffects":true,"showParticleSystems":true},"in2DMode":false,"pivot":{"x":0.50250244140625,"y":-4.910888671875,"z":1.0472412109375},"rotation":{"x":-0.34133121371269228,"y":-0.3458458483219147,"z":0.1366950422525406,"w":-0.8633007407188416},"size":1.040356159210205,"orthographic":true}